id,DUNS Number,Company Name,Address,Contact,Phone
58,313527,Company 58,"58 Main St, City 58, FL 80590",,
25,405102,Co. 25,25 Main Avenue,Contact 25 Williams,849-271-2020
10,556525,Co 10,"10 Main Street, City 10",,275-957-4206
34,160997,Corporotion 34,34 Main Avenue,,322-918-6161
23,870783,Company 23,"23 Main Ave, City 23, FL 54832",Contact 23 Brown,931-529-5626
55,,Co. 1,,Contact 55 Jones,554-373-6458
84,,Co 21,,Contact 84 Jones,886-197-2314
27,566388,Company 27,,Contact 27 Johnson,723-338-7009
46,296720,Company 46,46 Main Avenue,Contact 46,990-175-9500
21,581244,Co 21,,Contact 21 Jones,254-389-7221
6,466264,Co 6,"6 Main St, NY 51000",Contact 6 Williams,170-127-2797
31,979053,Company 31,,,
96,556525,Compony 96,,Contact 96 Brown,998-583-1498
5,986252,Co. 5,,Contact 5 Johnson,238-956-1140
22,,Company 22,"22 Main Street, City 22",Contact 22 Willeams,530-677-6986
17,834267,Co. 17,"17 Main St, NY 92494",Contact 17,875-838-4765
39,313527,Co 39,39 Main St.,Contact 39,366-605-7655
14,543513,Company 14,,,813-926-2692
16,775159,Corp. 16,"16 Main Street, City 16",Contact 16 Williams,459-627-4886
95,147179,Corp. 95,"95 Main Avenue, City 95",,792-387-8993
37,336835,Co. 37,,Contact 37,264-915-8379
75,120619,Carporeteun 19,"75 Main Avenue, City 75",Contact 75,876-439-8326
54,312474,Corp 54,54 Main St,Contact 54,827-224-1669
68,109938,Corp. 29,,Contact 68 Jones,
73,,Company 45,"73 Main St., City 73",Contact 73 Smith,613-948-3164
53,736784,Company 20,"53 Main Ave, TX 14306",Contact 53,248-776-7469
43,564917,Company 43,"43 Main Avenue, City 43",Cuntoct 43,505-700-3110
76,137349,Corporation 42,,,704-886-5026
38,697667,Corp. 38,,Contact 38,578-528-8536
56,406871,Co 56,"56 Main Ave, City 56",,678-730-7598
93,336835,Corp. 93,"93 Main Street, City 93, NY 78037",Contact 93,659-741-1185
3,176647,Corporateun 3,"3 Main St., City 3",Contact 3,168-264-7021
41,731279,Corp. 41,,Contact 41,828-859-1662
60,176647,Company 60,"60 Main Avenue, City 60",Contact 60 Brown,
77,,Corp. 77,,,533-682-4892
44,,Co 44,44 Main Avenue,Contact 44 Welliams,176-993-3264
29,701641,Corp. 29,"29 Main Avenue, City 29",Contact 29 Brown,209-474-2539
82,257261,Co 10,,,560-229-7361
88,367314,Co. 17,,Contect 88,670-500-7677
47,433725,Co 47,,,928-812-2580
80,160997,Company 80,"80 Main St, City 80",Contact 80,635-113-5468
83,834267,Co. 83,,Contact 83,284-160-3155
69,,Corp. 16,"69 Main St., CA 78497",Contact 69,765-362-5985
33,312474,Company 33,,Contact 33 Williams,111-819-2351
4,697834,Company 4,"4 Main Street, City 4, NY 87026",Contact 4,237-199-2556
90,566388,Company 90,,,185-362-4797
92,863741,Corp. 92,"92 Main St, City 92, FL 60864",Contact 92,688-985-7353
30,406871,Co. 30,30 Main St,Contact 30,450-679-2434
67,466264,Company 67,67 Main Street,Contact 67,588-690-3508
91,433725,Company 91,"91 Main St, City 91",Contact 91,912-123-9734
52,,Company 32,,Contact 52,464-761-1730
99,917002,Co 6,"99 Main St, City 99",,
15,586126,Corp 15,"15 Main St., FL 66631",Contact 15 Johnson,985-967-8001
87,,Co. 37,,Contact 87 Jones,584-141-1044
13,970106,Company 13,,Contact 13,591-495-5452
51,,Corp. 51,,,676-465-6106
35,470878,Corporation 35,"35 Main Avenue, City 35",,611-227-5607
70,296720,Company 70,70 Main Ave,Contact 70 Smith,579-375-3860
62,,Company 31,"62 Main Avenue, City 62",Contact 62,784-561-6627
86,462760,Corp 15,86 Main Street,Contact 86 Smith,345-826-4528
45,292465,Company 45,,,547-184-7465
48,,Curp 48,"48 Main St, City 48, FL 30319",,505-568-3666
24,230950,Corp. 24,"24 Main Ave, FL 93877",Contact 24,555-617-2554
64,,Corporation 64,"64 Main St., City 64",Contact 64,820-553-2075
98,989037,Corp. 98,,Contact 98,778-324-3598
72,,Corp 45,"72 Main Avenue, City 72",Contact 72,355-645-8529
32,495912,Company 32,32 Main Ave,Contact 32,866-482-5577
66,741432,Co. 25,"66 Main Street, City 66",Contact 66 Brown,422-506-7805
8,418985,Corp. 8,8 Main St,,854-665-3505
59,731279,Company 59,"59 Main Ave, City 59, NY 96684",Contact 59,697-326-6397
50,,Company 50,"50 Main St, NY 36284",Contact 50 Wylliams,225-507-5910
1,147179,Co. 1,1 Main St.,,519-491-1887
42,330220,Company 42,"42 Main Street, City 42, FL 64713",Contact 42,
63,151816,Corp 63,63 Main Street,Contact 63 Jones,867-614-1044
71,608389,Corporotiun 35,71 Main Avenue,Contoct 71 Smith,219-228-4106
7,151816,Compony 7,"7 Main Avenue, FL 17798",Contact 7 Jonis,834-361-1950
100,907900,Co. 100,100 Main St.,Contact 100 Jones,387-551-5721
79,775159,Corp. 79,,Contact 79,175-285-9359
74,556525,Compony 74,"74 Main Street, TX 55991",,104-887-3896
36,722690,Corp. 36,"36 Main Ave, FL 36705",Contact 36,
12,493864,Company 12,12 Main Avenue,Contact 12,895-967-3830
2,989037,Company 2,,Cuntact 2,314-295-8842
85,331185,Company 20,85 Main Street,Contact 85,
61,863741,Corp 61,,Contact 61,
40,,Company 40,,Contact 40,475-906-9087
26,863741,Company 26,"26 Main Avenue, City 26",Contact 26 Williams,107-480-7625
9,,Corporation 9,,Contact 9,910-118-4650
97,,Corp 97,"97 Main Ave, City 97",Contact 97,
81,586126,Company 81,"81 Main Ave, City 81, CA 82186",Contact 81 Williams,552-481-6750
65,945801,Corporation 28,65 Main St.,Contact 65,637-590-4143
57,732063,Co. 37,"57 Main St., City 57",Contact 57,996-242-5090
20,606135,Company 20,"20 Main Avenue, City 20",,246-211-2209
18,907900,Corp. 18,"18 Main Street, City 18",Contact 18 Jones,462-794-8156
19,,Carporateun 19,,,595-381-7402
89,580381,Co. 37,,,149-783-4593
28,769711,Corporation 28,28 Main Avenue,Contact 28,554-839-7454
49,353285,Corp 49,,Contact 49 Johnson,586-838-4143
94,312474,Company 94,94 Main St,Contact 94 Williams,400-500-4871
11,939623,Company 11,"11 Main St, City 11",Contact 11,314-305-1726
78,970580,Corp. 24,,Contact 78 Johnson,
